regarding_candidate,tweet
RicardoAnayaC,"En respuesta a econokafka Por la misma razón por la que no hablas de la Estafa Maestra y de los negocios de Anaya. La misma.,"
RicardoAnayaC,"En respuesta a econokafka Complicidad abajo de la mesa! El domingo con lo único que puedo defender mi futuro y mi familia, con mi voto útil para Anaya y Barrales,"
RicardoAnayaC,"En respuesta a econokafka VamosConAnaya y los demás a lachingada,"
RicardoAnayaC,"En respuesta a VicenteFoxQue No creo que todo el pueblo unido quiera votar por un partido como el pri responsable por las muertes de mucha gente ni por a una persona que regala dinero para que voten por el como lo hace Anaya,"
RicardoAnayaC,"En respuesta a EduardoAgSi y RicardoAnayaC Orale que bueno es Anaya , me cae que es el cambio que Mexico necesita si no fuera tan camaleonico y no se robara propuestas , temo por mi generacion , que sigue engañada por politicos poplistas como el !!!,"
RicardoAnayaC,"En respuesta a EduardoAgSi y RicardoAnayaC Copion!!! Pues no que muy inteligente??? Copiando propuestas, no va a hacer sino consolidar la candidatura de YA SABES QUIEN. Pues no dice que son políticas anticuadas? Está copiando el discurso. El problema es que nadie le cree. Porque antes defendió todas las reformas de Peña.,"
RicardoAnayaC,"En respuesta a EduardoAgSi y RicardoAnayaC Pero si aprobó el Gasolinazo!! Doble moral!! Nadie te creé tus propuestas, las más buenas se las fusilaste a YA SABES QUIEN!!!,"
RicardoAnayaC,"En respuesta a angelbalderasm EduardoAgSi y RicardoAnayaC A ver Ricardito Anaya...o conectas la lengua con el cerebro o dejas de decir tus mentiritas...ahh que poca moral y descencia tienes PRI-MERO ALABAS LA PRI-VAT. ENERGITICA Y TE.BENEFICIAS Y AHORA LA USAS COMO ARMA DE CRITICA EN TU CAMPAÑA...,"
RicardoAnayaC,"En respuesta a EduardoAgSi y RicardoAnayaC Ningún evento FUE SUYO Ya que deje de plagiar AsiNoAnaya,"
RicardoAnayaC,"En respuesta a EduardoAgSi y RicardoAnayaC No les da vergüenza decir tanta mentira de su canalla,"
RicardoAnayaC,"En respuesta a EduardoAgSi y RicardoAnayaC AnayaCopion,"
RicardoAnayaC,"En respuesta a EduardoAgSi y RicardoAnayaC Ha!!!! Caray donde estaba que no está al save lo que parsa, hay le va ""El Dictadorsillo Se habia mantenido en la ""precampaña"" pero actualmente con todo y esas personas que asistieron a los eventos, Anaya va de picada y no hay quien le haga el paro.,"
RicardoAnayaC,"En respuesta a EduardoAgSi y RicardoAnayaC Y mientras, dejo esto por aquí del aliado del PRI… ,"
RicardoAnayaC,"En respuesta a EduardoAgSi y RicardoAnayaC Di NO a la Pirateria!!...con que sea congruente, puede ser que pudiera ser competitivo.   de cada    reformas las aprobó quién ahora dice que están mal. No pos si están bien al tiro sus asesores y Ustedes aplaudiéndole al chamacón cada que hace una gracia.,"
RicardoAnayaC,"En respuesta a EduardoAgSi y RicardoAnayaC ,"
RicardoAnayaC,"En respuesta a EduardoAgSi y RicardoAnayaC Igual de veloz para lavar dinero!! MoneyWithWings MoneyWithWings MoneyWithWings,"
RicardoAnayaC,"En respuesta a EduardoAgSi y RicardoAnayaC Ah cabron espera   k en   eventos CaraConLágrimasDeAlegría CaraConLágrimasDeAlegría CaraConLágrimasDeAlegría no ps si un chingo de gente cuidado, Esta arrasando!!,"
RicardoAnayaC,"En respuesta a EduardoAgSi y RicardoAnayaC,"
RicardoAnayaC,"En respuesta a EduardoAgSi y RicardoAnayaC Por favor, es un CC. Puntp,"
RicardoAnayaC,"En respuesta a EduardoAgSi y RicardoAnayaC De verdad se sienten orgullosos de sus ""propuestas""... doblemoral,"
RicardoAnayaC,"En respuesta a EduardoAgSi y RicardoAnayaC Simple copión!,"
RicardoAnayaC,"En respuesta a EduardoAgSi y RicardoAnayaC Todo un genio creador de buenas ideas el Lavador de Atlanta... ,"
RicardoAnayaC,"En respuesta a EduardoAgSi y RicardoAnayaC Puta madre ahora sí que los q preparan las tortas y los q hacen los frutsi tienen un chingo de chamba. Ahora sí q está creando un chingo de empleos, también el de los chayoteros lambiscones,"
RicardoAnayaC,"En respuesta a EduardoAgSi y RicardoAnayaC Eso que alardea RicardoAnayaC es copia de las metas de lopezobrador_ , el líder de México al frente un copión y vulgar copi paste,"
RicardoAnayaC,"En respuesta a EduardoAgSi y RicardoAnayaC Huy que bárbaro, ese Sr. Anaya copiando al Peje. Todos un populista, que miedo, nos convertirá en Venezuela. Cara con lágrimas de alegríaCara con lágrimas de alegríaCara con lágrimas de alegría,"
RicardoAnayaC,"En respuesta a EduardoAgSi y RicardoAnayaC Que eficaz, impresiónante!!! Me dejo sin palabras............................sarcasmo.,"
RicardoAnayaC,"En respuesta a EduardoAgSi y RicardoAnayaC Persiguiendo todo aquello que tachaba de ""populista"";¡tremendo imbécil!,"
RicardoAnayaC,"En respuesta a EduardoAgSi y RicardoAnayaC Pinches perros por eso votó a favor de la reforma energética para que bajara el combustible. RicardoAnayaC es la misma mierda que el PRI,"
RicardoAnayaC,"Mi voto es para Ricardo Anaya inevitablemente debido a que tiene el segundo lugar y no voy a desperdiciar Mi voto a un mediocre tercer lugar, el socialismo no tiene que llegar a México por mucho hartado que exista.,"
RicardoAnayaC,"Esta semana le fue terriblemente mal a Ricardo Anaya Mesde sigue igual . Sin pintar .. bueno es un decir"","
RicardoAnayaC,"En respuesta a marianapordios Pues por dónde andabas, porque los panistas, los perredistas y los de movimiento ciudadano, realizamos una campaña totalmente comprometida con Anaya y con los candidatos del Frente,"
RicardoAnayaC,"En respuesta a marianapordios Pues yo si, RicardoAnayaC presidente el mejor,"
RicardoAnayaC,"Amigo, revisa tu TL. Y mándame un tweet (no RT) de los últimos   meses apoyando a Anaya, Mead, Bronco, Margarita o a quién sea que hayas apoyado sin mencionar al Peje,"
RicardoAnayaC,"En respuesta a marianapordios Solo decían que Anaya está mejor preparado.,"
RicardoAnayaC,"En respuesta a marianapordios Mi tía si defendió a Anaya dijo que ella sería una de los        personas que votarán por Anaya...Y bueno me dejo ver que no tiene idea de cuantos somos en el padrón electoral y como se dividirán los votos…,"
RicardoAnayaC,"En respuesta a marianapordios Nosotros sí defendimos abiertamente a nuestro gallo: http://www.pillajecibernetico.com/    /  /silva-del-triunfo-de-anaya.html,"
RicardoAnayaC,"En respuesta a marianapordios Voy contigo RicardoAnayaC te apoyo, defiendo y me siento orgulloso (Ya hay  ). Alégrese Mariana, ya no esté triste, que tenga muy bonito día. GrinningFace,"
RicardoAnayaC,"En respuesta a marianapordios y FictionMex En mi caso unas amistades me dijeron votaremos por el menos malo. Pregunte quien ? Respondieron Anaya. Saben que es malo su candidato y así lo aceptan Mejor calle , prefiero su amistad a qué nos divida la política.,"
RicardoAnayaC,"Por México, por nuestros hijos, por la libertad y por la vida que recibimos de Dios!!! No entrará el socialismo a nuestra casa . Vamos con todo AnayaPresidente,"
RicardoAnayaC,"Con mucho trabajo y dignidad. No nos vamos a dejar que un loco entregue nuestra patria a las izquierdas que hunden. Vamos por México Anaya,"
RicardoAnayaC,"En respuesta a PadreJosePalmar y JasonCurtiss Son simples matemáticas. Estando a tan sólo  % de evitar una tragedia humanitaria como en Venezuela o Nicaragua. La opción es clara para evitar que el demonio gobierne los destinos de tantas buenas personas. VotoUtilPorAnaya VotoUtilPorAnaya,"
RicardoAnayaC,"En respuesta a PadreJosePalmar y Omar_Castrejon Corrijo. Hay que FRENAR al mitómano y corrupto número  : Anaya.,"
RicardoAnayaC,"En respuesta a PadreJosePalmar VOTE POR ANAYA !! SpeakingHead Abra bien los ojos EYES BustsInSilhouette BustInSilhouette BustsInSilhouette La libertad y Democracia deben prevalecer sobre el comunismo. Es su deber como ciudadanos mexicanos, el proteger a la nación PorSusHijos,"
RicardoAnayaC,"En respuesta a PadreJosePalmar Falsa.. la encuesta es del    de Febrero y Anaya no tenia   , tenía    antes del lavado de dinero ,"
RicardoAnayaC,"En respuesta a PadreJosePalmar Si mexicanos a votar todos por ANAYA. No pueden permitir un gobierno de Izquierda, miren a CUBA, VENEZUELA, NICARAGUA, miren por favor, OJO.,"
RicardoAnayaC,"En respuesta a PadreJosePalmar Ojalá Dios ilumine a Hermanos Mejicanos d las otras candidaturas se unan alredor d Anaya, Para abortar el plan d LO d llevar el pueblo Mexicano, al nivel d Cuba Vzla y Nicaragua..Colombia dio un gran ejemplo. Lo van a dar uds? O se van al castrocomunismo?.,"
RicardoAnayaC,"En respuesta a PadreJosePalmar Ahí es cuando ese candidato con   % de intención de voto se le debería pegar a Anaya...Salvar a la patria está por encima de cualquier pretensión personal.,"
RicardoAnayaC,"En respuesta a PadreJosePalmar Al comunismo hay que exterminarlo, ya quedó claro con Cuba y nuestra amada Venezuela que el comunismo es una desgracia que solo beneficia al que lo implementa y a sus secuaces! Amaya arriba!,"
RicardoAnayaC,"En respuesta a PadreJosePalmar Cura. Candidatos de Anaya, promueven el aborto, hogares monoparentales, marihuana libre y adopción de parejas gay. ¿Cómo está pidiendo votar por eso? No me cree. Léalo usted en éstas cuentas: LuRiojas ferbelaunzaran MarthaTagle Pat_MercadoC EmilioAlvarez AlvarezMaynez,"
RicardoAnayaC,"Que PRD, Ricardo Anaya,
Bueno saquen las tarjetas de los puntos de SORI... ANAYA que se han canjeables para mandar a chingada a todos los corruptos!"
RicardoAnayaC,"Anaya tiene buena presentación y facilidad de palabra.. Está listo para vender seguros, y tramitar tarjetas de Credito .NO para ser presidente de México.. WinkingFace WinkingFace
Ahora entienden porqué lopezobrador_ se guardó la cartera en el  do. debate? El ya presentía que RicardoAnayaC es hábil para el robo. Qué triste que tengamos a un delincuente como candidato a la presidencia, no ANAYA no nos merecemos eso."","
RicardoAnayaC,"Respondiendo a DonTauro   elro   y   másque bueno que lopezobrador_ guardo su cartera en su pañal que si no Anaya se la robaria,"
RicardoAnayaC,"En respuesta a DonTauro   lopezobrador_ y RicardoAnayaCTenemos dos delincuentes como candidatos y un idiota como presidente,"
RicardoAnayaC,"En respuesta a DonTauro   lopezobrador_ y RicardoAnayaC Y más triste todavía Pejeneitor es que haya algunos ciudadanos que aún así lo apoyen, que más necesitan saber para convencerse de que Anaya es un verdadero peligro para México,"
RicardoAnayaC,"Respondiendo a DonTauro   omar      y   más CasoAnaya que renuncie,"
RicardoAnayaC,"Cuenta la leyenda que si dices ""Ricky Riquín Canallín"" tres veces frente al espejo, se aparece el ""Pollo"" RicardoAnayaC y te roba tu cartera.
En respuesta a Manuel_Ibarra y RicardoAnayaCCuenta la leyenda que si votas por ya chavez quien te roban la cartera, la comida, el empleo y la seguridad"","
RicardoAnayaC,"En respuesta a Manuel_Ibarra y RicardoAnayaC ,"
RicardoAnayaC,"En respuesta a Manuel_Ibarra y RicardoAnayaCX 
En respuesta a Manuel_Ibarra y RicardoAnayaC Si está bien culero el canallin, pinche duende maldito..."","
RicardoAnayaC,RicardoAnayaC hizo de todo por aferrarse a una candidatura que nació para fracasar.
RicardoAnayaC,"En respuesta a Miriam_Junne GuillermoReyes_ y RicardoAnayaCMzavalagc en un ejercicio democrático real al interior del AccionNacional seguramente la señora Margarita seria ganadora y con mayor oportunidad frente a Lopez Obrador ... saludos,"
RicardoAnayaC,"En respuesta a Miriam_Junne y RicardoAnayaC Ojalá y nunca Buelvas Rikin Canallin,"
RicardoAnayaC,"En respuesta a Miriam_Junne y RicardoAnayaC ,"
RicardoAnayaC,"En respuesta a Miriam_Junne y RicardoAnayaC ,"
RicardoAnayaC,"En respuesta a Miriam_Junne y RicardoAnayaC No todo fue fracaso aviso a su mujer,"
RicardoAnayaC,"En respuesta a Miriam_Junne y RicardoAnayaCMiriam_Junne te podría decir aterrado que ojalá no vuelva a tener una oportunidad RicardoAnayaC de competir en una elección, pero después de torpedear a su partido no creo que tenga cabida desde el   de Julio. Hacer un partido no creo, lo suyo es destruir. NoSoyBot,"
RicardoAnayaC,"En respuesta a Miriam_Junne y RicardoAnayaC Lastima!!! Ricardito!!!! (Margarito , pues),"
RicardoAnayaC,"En respuesta a Miriam_Junne y RicardoAnayaC No, que Ricardo no tenga oportunidad otra vez, jamás.,"
RicardoAnayaC,"En respuesta a Miriam_Junne y RicardoAnayaC La próxima será por el PRD porque lo expulsarán del PAN el Lunes.,"
RicardoAnayaC,"En respuesta a Miriam_Junne y RicardoAnayaC Game Over !!! Anaya.,"
RicardoAnayaC,"En respuesta a Miriam_Junne y RicardoAnayaC Si la carrera política de Anaya falla, al menos sabemos que entretiene, aún con la gracia de robot que tiene.,"
RicardoAnayaC,"En respuesta a Miriam_Junne y RicardoAnayaC ¡Qué no haya próxima, por favor! Y no es porque RicardoAnayaC pueda ganar, sino que no podría soportar más su falsa sonrisa y sus fallidos sketches,"
RicardoAnayaC,"En respuesta a Miriam_Junne y RicardoAnayaCMañana se contarán por varios millones los votos de este odiado por algunos, pero muy a su pesar el más talentoso candidato de esta contienda MiVotoPorAnaya,"
RicardoAnayaC,"En respuesta a Miriam_Junne y RicardoAnayaC ¡LÁSTIMA RICARDITO! SIGUE PARTICIPANDO,"
RicardoAnayaC,"En respuesta a Miriam_Junne y RicardoAnayaC Próxima...... serán tan, pero tan los azules!?????,"
RicardoAnayaC,"En respuesta a Miriam_Junne y RicardoAnayaC ,"
RicardoAnayaC,"En respuesta a Miriam_Junne y RicardoAnayaC Definitivo ; una persona que hace tanto y es tanto como dicen es muy capaz
En respuesta a Miriam_Junne y RicardoAnayaC Primero se robo a ese PAN, después lo disperso, Anaya peligroso, hambriento desenfrenado de Poder con una lengua que nadie quisiera de enemiga"","
RicardoAnayaC,"No es un fracaso lo que ha hecho RicardoAnayaC
En respuesta a Miriam_Junne y RicardoAnayaC Ni que Anaya fuera Lopez Obrador, dudo mucho que quiera pasar más    años persiguiendo la presidencia"","
RicardoAnayaC,"En respuesta a Miriam_Junne y RicardoAnayaCRicardoAnayaC Suerte para la próxima chico maravilla,"
RicardoAnayaC,"En respuesta a Miriam_Junne y RicardoAnayaC Me suena
En respuesta a Miriam_Junne y RicardoAnayaC Todos son una bola de mentirosos hacen lo impensable para ganar tu atención TODOS!!!!!,
En respuesta a Miriam_Junne y RicardoAnayaCJa, qué hizo el pan?? Perdon pero fueron mejores gobiernos el de Foz y el de Calderón! Ojalá después tengan memoria de lo que hará el peje....porque nos irá como en feria!"","
RicardoAnayaC,"Tmb ha hecho d todo:cerrar reforma,una ceremonia declarandose presidente, recibir basurita,crear al Primor"
RicardoAnayaC,"En respuesta a Miriam_Junne y RicardoAnayaCJAJAJAJAJA y seguro eres una pejechaira!!!! AnayaVa,"
RicardoAnayaC,"Di lo q quieras de Anaya, me parece muy lejos de lo ideal, pero lo menos dañino para el país."","
RicardoAnayaC,"En respuesta a Miriam_Junne y RicardoAnayaC ,"
RicardoAnayaC,"En respuesta a Miriam_Junne ELeStrateGiC  y RicardoAnayaCHay que votar por el cambio !!! ,"
RicardoAnayaC,"En respuesta a Miriam_Junne y RicardoAnayaCEs muy gracioso el Anaya, pero se necesita más que oratoria y chistes, ¡Se exige Vocación! Lo entenderá poco a poco, llorando entre sus millones.,"
RicardoAnayaC,"En respuesta a Miriam_Junne y RicardoAnayaCquiere comprar el voto de los que ya fallecieron. Que horror de candidato ,"
RicardoAnayaC,"En respuesta a Miriam_Junne pedroxalpa y RicardoAnayaCacumulara la misma cantidad de fracasos que lleva el orate de Macuspana? estoy seguro que no.,"
RicardoAnayaC,"En respuesta a Miriam_Junne y RicardoAnayaCCada vez me convenzo más que chairos y chairas solo abren la boca para decir lo primero que su pobre cerebro les da pero con su cero inteligencia ni cómo culparlos o ayudarlos y como siempre el ClownFace payaso apoyándolos,"
RicardoAnayaC,"En respuesta a Miriam_Junne y RicardoAnayaC ,"
RicardoAnayaC,"En respuesta a Miriam_Junne y RicardoAnayaCTodo en esta vida tiene una consecuencia...y a Ricardo Anaya le llegó la hora de reconocer que al aferrarse de mala manera a ser candidato sin tener al menos a su partido d su lado el resultado es la inminente derrota que está cocinandose,"
RicardoAnayaC,"La farsa de RicardoAnayaC y su ""espionaje"" por el CISEN, tiene a un crédulo que está dispuesto a creer cualquier idiotez por amor a una diputación pluri.,"
RicardoAnayaC,RicardoAnayaC
RicardoAnayaC,"Anaya tiene alta preparación académica, es políglota y sabe argumentar, sólo que es un pequeño Mussolini,"
RicardoAnayaC,"YoVotoPorAnaya ,por qué es la opción menos mala"","
RicardoAnayaC,"Anaya distribuye tarjetas con el pretexto de impulsar el Ingreso Básico Universal. Pero es un engaño más. Las tarjetas no sirven para depositarles recursos públicos. Sólo juega cruelmente con la expectativa de mucha gente humilde de recibir dinero en ellas pasando la elección.,"
RicardoAnayaC,"En respuesta a martibatresEl populista Anaya ...El PAN es tan mediocre que compra los votos porque no sabe ganarlos...JUEGO SUCIO..,"
RicardoAnayaC,"En respuesta a GlodeJo   Me pareció más ridiculo el súper estudiado y preparado trilingüe de Anaya,"
RicardoAnayaC,"En respuesta a GlodeJo  Anaya apesta,"
RicardoAnayaC,"Lo que propone Anaya no tiene pies ni cabeza, es imposible darle sustento a semejante cosa como el salario universal, no alcanza el presupuesto para semejante idiotez, espero no se dejen engañar y nuevamente caigan, ya olvidaron el """"lo firmo ante notario público"""""","
RicardoAnayaC,"En respuesta a martibatres beto__   RicardoAnayaC todo copia. Igual que las tarjetas rosas del Edomex con del Mazo.Tarjetas sin fondos MoneyBag la gente creyó SadButRelievedFace,"
RicardoAnayaC,"Lo peor es que lo sabe y persiste en el engaño. De ese modo ni puede ser acusado de delito. Anaya es malvado. Gráfica de Carlo Maria Cipolla. BackhandIndexPointingDown"","
RicardoAnayaC,"En respuesta a martibatres A demás, que al decir que es por motivo de una propuesta de campaña, debería entregarlas a todos los ciudadanos, sin importar preferencias pliticas. Esto en tiempos no electorales y en formas pertinentes. RicardoAnayaC emplea las mañas del PRI_Nacional que criticó en     ,"
RicardoAnayaC,"De nada van a servir tus tarjetitas RicardoAnayaC , hay gente muy necesitada pero harta de los malos gobiernos y NO TODS SE VENDEN POR UNOS PESOS o BOLSAS con GORGOJOS."
RicardoAnayaC,"En respuesta a martibatres Así término la porqueria que me llego.... ¿en que momento firme un aviso de privacidad para que usarán mis datos personales para fines políticos del maldito AccionNacional? AnayaCorrupto RicardoAnayaCMeteteTuIBUporElCulo ,"
RicardoAnayaC,"En respuesta a martibatres y maykitos Y lo mejor: dice que no es “populista” RicardoAnayaC no es mas que un mitómano, desleal, y sociopata que miedo!!! WearyCat,"
RicardoAnayaC,"En respuesta a martibatres Todas las tarjetas tienen el mismo número, creo no se han dado cuenta y no está respaldada por una institución bancaria. Otra mentira más del C-Anaya,"
RicardoAnayaC,"En respuesta a martibatres Otra traición más de RicardoAnayaC...,"
RicardoAnayaC,"En respuesta a martibatres Y todas tienen el mismo número de tarjeta y el chip hechizo AnayaMiente y se burla de la gente.
Respondiendo a CFigueroaDDHH molotovmx y   más Carlitos, es conocida la facilidad para mentir de RicardoAnayaC Plagiar programa refleja el poco interés q tiene por una sociedad totalmente desconocida para èl y q pretende gobernar para dar continuidad al neoliberalismo y a la corrupcion.Rose"","
RicardoAnayaC,"¿No ves ninguna señal positiva en el Frente? ¿Que Anaya este hablando de “El fin de la guerra”? ¿Lo que ha hecha Alfaro en Jalisco? ¿Corral en Chihuahua? ¿AI vs LSI? ¿Que Anaya hable de no criminalizar a las mujeres que abortan? ¿Ingreso Básico Universal y FiscalíaQueSirva?
En respuesta a AlvarezMaynez ManFacepalming RicardoAnayaC neta?? Jorge?! Neta?? NETA !!!,
En respuesta a AlvarezMaynez Anaya dice lo que sea por un voto, a poco no has notado que es un mitómano? Da miedo, PeñaNieo por lo menos es malo mintiendo, Anaya es un profesional."","
RicardoAnayaC,"En respuesta a AlvarezMaynez¿RicardoAnayaC hablando de fin de la guerra cuando es el primero que lleva su biblia y cartulinas a los debates, atacando con datos imprecisos o alterados? ¿Ahora ya dirá la verdad?,"
RicardoAnayaC,"En respuesta a AlvarezMaynez Exacto. Las propuestas de Anaya hablan de luchar por consolidar un mejor país. YoConANAYA OrangeHeart BlueHeart YellowHeart,"
RicardoAnayaC,"En respuesta a GlodeJo  Por cierto los documentos de la pagina de ricardo anaya son del     !!!!!!!,"
RicardoAnayaC,Y Anaya regresa a lidiar con sus demonios y su oscuro pasado que lo incrimina
RicardoAnayaC,Caso Anaya
RicardoAnayaC,"Anaya regresa a su hogar sin preocuparse por un caso que se nota que es un montaje"","
RicardoAnayaC,El cierre de Anaya en el tercer debate no solo es malo (¿cómo votas con más o menos fuerza?) sino que es ooootro plagio: el candidato milusos copia el lema de campaña del PSOE español de     .
RicardoAnayaC,—Anaya: El más inteligente pero es una ratota descarada.
RicardoAnayaC,"En respuesta a MartinoliCuriANAYAVAAGANAR,"
RicardoAnayaC,"En respuesta a MartinoliCuri Pues yo prefiero que gane anaya,"
RicardoAnayaC,"En respuesta a MartinoliCuri Bueno Anaya más preparado le cuestionan a lopezobrador_ sobre Salud de donde va a sacar y Anaya dice que pondrá paneles Internet en toda la República tablets computadoras y no pagarás luz cero pesos y cfe que desaparece de donde va a ver recursos si no recaudas ilógico no creen,"
RicardoAnayaC,"En respuesta a MartinoliCuriToda persona es inocente, hasta que no se demuestre lo contrario en un juicio. No hay ninguna sentencia donde diga que Anaya robó o lavó dinero. Todos con Anaya,"
RicardoAnayaC,"En respuesta a econokafka Suena mejor que la continuidad del PRI_Nacional o tener a un si vergüenza como RicardoAnayaC,"
RicardoAnayaC,"Para mí, el perdedor es Anaya.
En respuesta a luispazos El apoyo es evidente a Anaya!! Empresarios y pláticas de pasillo, comercios, vecinos, por lo menos acá en el Noreste así es!"
RicardoAnayaC,"VotoUtilxAnaya AnayaSiLesGana AnayaPresidente"","
RicardoAnayaC,"En respuesta a luispazos No ganará Anaya ni peje,"
RicardoAnayaC,"No discutas con un chairo, cree que la magia se dará en la madrugada si ganara su viejito deprimido . Vamos con Anaya,"
RicardoAnayaC,"En respuesta a luispazos  Vamos todos juntos por el voto útil ... ANAYA      ThumbsUp ThumbsUp,"
RicardoAnayaC,"En respuesta a luispazos  Definitivamente mi voto además de que es por convicción también por voto útil todos con RicardoAnayaC ni un voto a los morenitos.,"
RicardoAnayaC,"Lo mismo yo con Anaya!!!,"
RicardoAnayaC,"En respuesta a luispazos  y elenavilla  Anaya va a ganar y por eso están enojados los priistas y el propio Obrador . Voto útil por Anaya,"
RicardoAnayaC,"En respuesta a luispazos Les guste o no a los chairos ANAYA GANARÁ y educaremos a toda esta bola de pelados para hacer un México mejor !!!!!,"
RicardoAnayaC,"En respuesta a luispazos  Vamos Anaya!!!,"
RicardoAnayaC,"En respuesta a luispazos  y DiegoFCevallos En tdo mi entorno tds vamos a votar x anaya, está muy fuerte x eso lo qren bajar pero no vn a poder xq dl pri nadie qre sabr nada y dl peje sn + ls q lo detestan xq no qrems   gobierno d izquierda no qrems q mexico c convierta en otro venezuela,"
RicardoAnayaC,"En respuesta a luispazos AnayaPresidente,"
RicardoAnayaC,"Nel AnayaSiLeGana AnayaPresidente     MexicoConAnaya,"
RicardoAnayaC,"Nel AnayaSiLeGana,"
RicardoAnayaC,"En respuesta a luispazos  y Maricar         AnayaPresidente,"
RicardoAnayaC,"En respuesta a luispazos  y DiegoFCevallos Mi VOTO es por ANAYA...,"
RicardoAnayaC,"La propuesta más radical contra la pobreza es el INGRESO BÁSICO UNIVERSAL, IBU, que impulsa Ricardo Anaya y Por México Al Frente. Es audaz y a la vez sensata. Aquí la explico brevemente. Espero sus comentarios.,"
RicardoAnayaC,"Ricardo Anaya plagió la propuesta del Ingreso Básico Universal
¡Deja de copiar Anaya!,"
RicardoAnayaC,"Para reducir la pobreza se necesitan propuestas como la que propone Ricardo Anaya, un Ingreso Básico Universal que sea entregado sin condiciones. ¡Vamos cambiando el rumbo de nuestro país!,"
RicardoAnayaC,Ricardo ANAYA: NAVE INDUSTRIAL....    millones de pesos.
RicardoAnayaC,"Qué casualidad, Ricardo Anaya (PAN) que:  ) recibes el dinero final de una compleja operación de lavado de dinero para comprarte una nave industrial  ) a sobreprecio  ) Compras otra nave (p/evasión fiscal?)  ) Todo esto en Querétaro, gobernado por el PAN.,"
RicardoAnayaC,"—Ricardo Anaya, ¿cuáles son tus propuestas?
—Ricardo Anaya, ¿cuál es tu plan anti corrupción?
—Ricardo Anaya, aclara el escándalo de tu nave industrial.
En respuesta a taller    RicardoAnayaC lo quiere hacer ver como un ataque, pero no es ataque, es real el corrupto psicópata utilizo empresas fantasmas para lavar dinero. Saludos"","
RicardoAnayaC,"En respuesta a taller    Anaya responsabiliza a Peña del video falso, explica que es por el pacto de impunidad que firmó con el Peje https://youtu.be/wzbik  wFVw,"
RicardoAnayaC,"En respuesta a taller    No por que por algo son el PriMor. Perro no come perro.,"
RicardoAnayaC,"En respuesta a SAJIDHCV y taller    Es el nuevo pacto por México primor ,"
RicardoAnayaC,"Es una mosquita muerta"""": Anaya"
RicardoAnayaC,"En respuesta a julioastillero y RicardoAnayaC Si gana Anaya, nos vamos al cielo.,"
RicardoAnayaC,RicardoAnayaC
RicardoAnayaC,"En respuesta a julioastillero raflescabrera y RicardoAnayaCConAnayaNosVamosAlCielo,"
RicardoAnayaC,"En respuesta a julioastillero y RicardoAnayaC ConAnayaNosVamosAlCielo,"
RicardoAnayaC,"En respuesta a julioastillero y RicardoAnayaCCreo que cuando menos debilitarán almenos   puntos Anaya , imposible que LOpez obrador no sea presidente , con este golpe a Anaya .,"
RicardoAnayaC,"En respuesta a julioastillero y RicardoAnayaC Pues yo ya decidí mi voto útil por Anaya!,"
RicardoAnayaC,"En respuesta a Edd_Campe RicardoAnayaC y lopezobrador_Anaya chinga tu madre, maldito farsante.,"
RicardoAnayaC,"En respuesta a Gurtubay Anaya y... Ya !!,"
RicardoAnayaC,"En respuesta a _AraceliDamian y RicardoAnayaC GD  -    _AM_EC_CAR_PQ_QP,"
RicardoAnayaC,"En respuesta a _AraceliDamian y RicardoAnayaC Mira Seputv esto es cierto, yo tengo una investigación sobre el ICU y Anaya no tiene ni la remota idea de que es,"
RicardoAnayaC,"En respuesta a _AraceliDamian y RicardoAnayaC Cuando por fin le preguntan por el IBU a AnayaMiente y; aún ingenuo, espero una respuesta que nunca llega. GrinningFaceWithSweat GrinningFaceWithSweat GrinningFaceWithSweat
Propuesta de """"Ingreso Básico Universal"""" es populismo puro, dondequiera y quienquiera que la presente. RicardoAnayaC sigue sin tocar fondo. Más vergonzoso y lamentable que lo haga desde la dirección de un partido que debería defender la libertad"","
RicardoAnayaC,"En respuesta a memobarba y RicardoAnayaC Y que te puedes esperar de estos políticos sin identidad alguna , realizan ofertones populistas y así critican a Maduro cuando son similares a el , México un país donde la corrupción e impunidad se apoderaron de las instituciones oficiales,"
RicardoAnayaC,"En respuesta a memobarba y RicardoAnayaC“La renta básica universal sería el mayor logro del capitalismo” | Economía | EL PAÍS https://elpais.com/economia/    /  /  /actualidad/          _      .html no me gusta Anaya ni nadie del frente pero tu opinión ""liberal"" es simplista.,"
RicardoAnayaC,"En respuesta a memobarba ArturoDammArnal y RicardoAnayaC Populismo por todos lados. Ni que apoyar ni que defender.,"
RicardoAnayaC,"En respuesta a memobarba y RicardoAnayaCmemobamemo RicardoAnayaC es lamentable que un tipo como tu este al frente del PAN me duele ver que este partido al cual he apoyado por herencia y conviccion esta en un pasaje muy oscuro y en decadencia y todo por la dirigencia mas mediocre de su historia,"
RicardoAnayaC,"Ingreso Básico Universal propuesto por RicardoAnayaC es avalado por tres Premios Nobel de Economía. Una programa universal que enfrenta la desigualdad y reconoce que todo ciudadano debe beneficiarse de la renta del país. Tiene la ventaja de no ser clientelar.
En respuesta a ferbelaunzaran y RicardoAnayaCOjo, que utilice a   premios Nobel para avalarlo no es lo mismo a que sea avalado por ellos. El IBU de Anaya es una propuesta populista que ha sido señalada como inviable por diversos analistas. En su video comenta que en países como India ya está en marcha, lo cual es falso."","
RicardoAnayaC,"En respuesta a ferbelaunzaran y RicardoAnayaC Criticamos a Lopez por ofrecer diferentes apoyos y salimoa con esta barbaridad.
Finlandia, país rico con un ingreso per cápita varias veces mayor al de México, cancela programa piloto de renta básica universal. Reconoce que es imposible de financiar. Sólo un demagogo o ignorante de la realidad económica, o las dos cosas, puede proponerlo RicardoAnayaC [TUIT CITADO]"","
RicardoAnayaC,"En respuesta a FelipeCalderon y RicardoAnayaC Se te olvida que el es Maestro Anaya y si puede lavar    millones puede todo GD  -     _AN_EC_M_PQ,"
RicardoAnayaC,"En respuesta a FelipeCalderon y RicardoAnayaC GD  -     _AM_AF_AN_ME_BR_EC_CAR_PQ,"
RicardoAnayaC,"En respuesta a FelipeCalderon y RicardoAnayaC a quien se le ocurrio decirle a Anaya q era inteligente??? crearon un monstruo parece inteligente por lo teto q es pero otra cosa es q lo sea y q sepa hablar como en exposición de prepa no lo hace listo, recientemente nos dejamos ir por la imagen y estamos pagando los platos, UnamusedFace,"
RicardoAnayaC,"En respuesta a FelipeCalderon y RicardoAnayaC Ignorante demagogo y ambicioso yo no votaría por el ni como deje de Manzana !!! Votare por Doña Margarita como lo hice por usted Don Felipillo .. Buenas noches,"
RicardoAnayaC,"En respuesta a FelipeCalderon y RicardoAnayaC Si, Ricardo Anaya es un metiroso, igual que tu...,"
RicardoAnayaC,"En respuesta a FelipeCalderon ladorr y RicardoAnayaC ThinkingFace ya estás bien Borracho mi licenciado cantinas..! Mirá no te enojes con el mitòmano de RicardoAnayaC relájate pídele a margarita otra BottleWithPoppingCork y salud..!,"
RicardoAnayaC,"En respuesta a FelipeCalderon y RicardoAnayaCSolo Anaya con su ambición alpoder podría intentarlo todo con tal de que Mzavalagc no gane !,"
RicardoAnayaC,"En respuesta a FelipeCalderon y RicardoAnayaC Se los dije desde que se saco de la manga la dichosa renta básica. Los números no son el milagro de los panes y los peces!! Ricardo es populista mentiroso, tramposo, demagogo, oportunista, una imitación de Lopez !!,"
RicardoAnayaC,"En respuesta a FelipeCalderon maxdt y RicardoAnayaC Tomamos nota felipe, el gobierno de RicardoAnayaC sera un gobierno responsable y tu conocimiento en materia economica sera de gran ayuda Unidos votoútil,"
RicardoAnayaC,"En respuesta a FelipeCalderon y RicardoAnayaC Por todos lados miente el Anaya, cifras falsas, argumentos falsos y citas a modo, y los tontos se creen que es “brillante e inteligente”.. RollingOnTheFloorLaughing,"
RicardoAnayaC,"En respuesta a FelipeCalderon y RicardoAnayaC Cada que atacas a Anaya mermas la de por si difícil tarea de que no nos cargue el payaso con lopezobrador_ será acaso que ves mejor opción al pejelagarton porque siendo realistas Mzavalagc no tiene la posibilidad ni siquiera remota, y vaya que a ambos los respeto.,"
RicardoAnayaC,"En respuesta a FelipeCalderon y RicardoAnayaC No por defender al pendejo de Anaya, pero si vas a Twittear, Felipón de pacotilla, infórmate bien, Mr. Fake News, al igual que el rara de Anaya. El programa no está cancelado: https://yle.fi/uutiset/osasto,"
RicardoAnayaC,"En respuesta a FelipeCalderon y RicardoAnayaC Usted si era chiguetas como presidente, no como RicardoAnayaC q es puro villamelon GrinningFaceWithSweat,"
RicardoAnayaC,"En respuesta a FelipeCalderon y RicardoAnayaC Nunca pensé decir esto: pero estoy de acuerdo, KANYA es el más populista de todos!,"
RicardoAnayaC,"En respuesta a FelipeCalderon RenteriaCar y RicardoAnayaC GD  -     _AN_EC_F_PQ,"
RicardoAnayaC,"En respuesta a FelipeCalderon y RicardoAnayaC Evidentemente RicardoAnayaC sabe que es inviable, el tema es que debe tener una propuesta tan populista que se equipare a las de lopezobrador_ para permanecer en la contienda.,"
RicardoAnayaC,"En respuesta a FelipeCalderon y RicardoAnayaC [TUIT CITADO: ""La estrategia de seguridad de Calderón ES LA CORRECTA"": Anaya en     .
""La estrategia de seguridad de Calderón ES FALLIDA"": Anaya en     .
¿A cuál Anaya le crees: al MENTIROSO o al TRAIDOR?
AnayaNoLevanta],"
RicardoAnayaC,"En respuesta a FelipeCalderon JLozanoA y RicardoAnayaC Así las cosas. RicardoAnayaC ni como ayúdarle, todo su andamiaje se está yendo al garete!!,"
RicardoAnayaC,"En respuesta a FelipeCalderon y RicardoAnayaCEl C. Anaya, se comporta como su nombre «Caballa». Si se puede honestamente ser rico con sus negocios, que comparta la fórmula, egoísta o mentiroso lavadero AngryFace / En respuesta a Esther_Jasso FelipeCalderon y RicardoAnayaC Perdón, es Canalla!,"
RicardoAnayaC,"En respuesta a FelipeCalderon y RicardoAnayaC TODO PUEDE SER PERFECTIBLE....! Aún no se ha ahogado el niño....! Así que: PARE SU GUILLOTINA...! Anaya sigue creciendo. Cervantes: ""Aunque los perros ladren"","
RicardoAnayaC,"En respuesta a FelipeCalderon y RicardoAnayaC FelipeCalderon. Considero que es tiempo de unir y no de dividir. El verdadero peligro para nuestro país no es RicardoAnayaC Ojalá puedan dirimir sus diferencias y creen un frente común.,"
RicardoAnayaC,"En respuesta a FelipeCalderon y RicardoAnayaC Una voz autorizada para hablar de economía
Desafortunadamente nuestras opciones son Anaya o el viejito.,"
RicardoAnayaC,"Respondiendo a XPandaMacho SirYanko y   más Y crees que eligiendo a un delincuente como Anaya, México se salvó?,"
RicardoAnayaC,"En respuesta a FelipeCalderon y RicardoAnayaC Anaya para variar mintió y afirmó que en varios países e incluyó Finlandia, había tenido éxito cuando era todavía un programa piloto que se estaba probando con  ,    personas. A ver qué dices ahora RicardoAnayaC,"
RicardoAnayaC,"En respuesta a marialuisalg  FelipeCalderon y RicardoAnayaC Esta guerra sucia que tienen contra Anaya no ayudará a que la Sra Zavala tenga mas votos. Ella pasará a la historia como Josefina Vázquez Mota mujeres que aspiraron a la presidencia de México,"
RicardoAnayaC,"En respuesta a marialuisalg  FelipeCalderon y RicardoAnayaC Anaya mentiroso??? Naaaa.... que va Speak-No-EvilMonkey FaceWithTearsOfJoy FaceWithTearsOfJoy FaceWithTearsOfJoy,"
RicardoAnayaC,"En respuesta a marialuisalg  FelipeCalderon y RicardoAnayaC Resulta que fue cancelado para probar otras opciones. Y ni, no apoyo al imbécil de RicardoAnayaC y su bastardización. Lee este nota y verás que hay otros lugares que lo esta ensayando con otras características. https://google.com.mx/amp/www.lavang,"
RicardoAnayaC,"En respuesta a marialuisalg  FelipeCalderon y RicardoAnayaC RicardoAnayaC es muy MENTIROSO y podría decir demasiado hablador; recuerda como llegaste a la candidatura pasaste por encima de la militancia; no esperes que se apoye a tu frente; son igual que tú.
En respuesta a ClarizeC FelipeCalderon y RicardoAnayaC Y por qué el delincuente de Anaya no declina en favor de Margarita?,
En respuesta a NachoVillarreal FelipeCalderon y RicardoAnayaC Si claro y te quedas con """"la buena imagen"""" de un delincuente como Anaya... irónico!!"","
RicardoAnayaC,"En respuesta a FelipeCalderon y RicardoAnayaC Felipe con todo respeto solo un demagogo o ignorante puede no ver la realidad de que en este punto solo tenemos dos opciones obrador o Anaya, y tú ego tendría que ser demasiado grande e irracional para preferir a obrador.
Vamos a jalar todos juntos con Anaya por el bien de Mexico,"
RicardoAnayaC,"En respuesta a cmontanof FelipeCalderon y RicardoAnayaC Atacando a un delincuente como el Peje, con otro delincuente llamado Anaya, vaya elección!,"
RicardoAnayaC,"En respuesta a MidgardoR FelipeCalderon y RicardoAnayaC Que bueno que te das cuenta de que los dos (Peje y Anaya) son pésimos para llegar a la Presidencia, los dos nos van a llevar al caos y a la banca rota.,"
RicardoAnayaC,"En respuesta a yuspio FelipeCalderon y RicardoAnayaC Los enemigos son los populistas, y tanto el Peje como Anaya lo son.,"
RicardoAnayaC,"En respuesta a FelipeCalderon y RicardoAnayaCY que tal otro demagogo como el PEJE,"
RicardoAnayaC,"En respuesta a FelipeCalderon y RicardoAnayaC Por Dios Felipe.... Jelipe....jel...ip! Solo viendo tus intereses, antes que los del país. entiéndelo, el único que puede derrotar a lopezobrador_ es RicardoAnayaC .... si estas en contra de RicardoAnayaC , entonces estás a favor de lopezobrador_ ... el mesías.. eso quieres?,"
RicardoAnayaC,"En respuesta a FelipeCalderon y RicardoAnayaC Que chinge a su madre anaya!!!!,"